chain,resseq,resname,dG_wt,dG_mut,ddG,wt_elec,wt_vdw,wt_solv,mut_elec,mut_vdw,mut_solv
A,19,SER,-86.65131612440344,-87.36733922480045,-0.7160231003970097,2.4996480164132646,-82.7550681408167,-6.395895999999993,1.606474755313315,-82.57791798011372,-6.395896000000043
A,20,THR,-86.65131612440344,-86.66420978295344,-0.012893658549998577,2.4996480164132646,-82.7550681408167,-6.395895999999993,2.4409333130336877,-82.70924709598712,-6.395895999999993
A,21,ILE,-86.65131612440344,-86.50501497861737,0.1463011457860688,2.4996480164132646,-82.7550681408167,-6.395895999999993,2.4199915513946038,-82.52911053001198,-6.3958960000000005
A,23,GLU,-86.65131612440344,-86.33064114863465,0.3206749757687817,2.4996480164132646,-82.7550681408167,-6.395895999999993,2.671816608381414,-82.60656175701602,-6.395896000000054
A,24,GLN,-86.65131612440344,-87.0840896688846,-0.4327735444811651,2.4996480164132646,-82.7550681408167,-6.395895999999993,1.8512904803210335,-81.7513651492056,-7.1840150000000484
A,25,ALA,-86.65131612440344,-86.7591286241767,-0.10781249977326013,2.4996480164132646,-82.7550681408167,-6.395895999999993,2.345368763856651,-82.70860138803336,-6.395895999999993
A,26,LYS,-86.65131612440344,-86.82747982870666,-0.17616370430322092,2.4996480164132646,-82.7550681408167,-6.395895999999993,2.2152573673131335,-82.64684119601976,-6.395896000000029
A,27,THR,-86.65131612440344,-82.42909779032198,4.222218334081461,2.4996480164132646,-82.7550681408167,-6.395895999999993,2.444797017501615,-79.53615380782357,-5.337741000000015
A,28,PHE,-86.65131612440344,-84.15380412917051,2.4975119952329266,2.4996480164132646,-82.7550681408167,-6.395895999999993,2.4069732651598152,-81.08196339433034,-5.4788139999999785
A,29,LEU,-86.65131612440344,-86.63075344892249,0.020562675480945813,2.4996480164132646,-82.7550681408167,-6.395895999999993,2.4196901909689745,-82.65454763989148,-6.395895999999993
A,30,ASP,-86.65131612440344,-88.1934718981704,-1.5421557737669644,2.4996480164132646,-82.7550681408167,-6.395895999999993,1.087015759403386,-82.20859265757376,-7.07189500000003
A,31,LYS,-86.65131612440344,-85.03739885531193,1.6139172690915018,2.4996480164132646,-82.7550681408167,-6.395895999999993,1.3264731631104572,-77.72685801842239,-8.637014000000004
A,32,PHE,-86.65131612440344,-86.55426164787025,0.097054476533188,2.4996480164132646,-82.7550681408167,-6.395895999999993,2.461388468564969,-82.6197541164352,-6.3958960000000005
A,33,ASN,-86.65131612440344,-86.51489137940229,0.13642474500115043,2.4996480164132646,-82.7550681408167,-6.395895999999993,2.500159304449522,-82.61915468385176,-6.395896000000047
A,34,HIE,-86.65131612440344,-86.45869066910421,0.19262545529922193,2.4996480164132646,-82.7550681408167,-6.395895999999993,2.5647087181160617,-84.47865738722031,-4.544741999999978
A,35,GLU,-86.65131612440344,-84.90325855368812,1.7480575707153179,2.4996480164132646,-82.7550681408167,-6.395895999999993,3.149289210309385,-81.38832076399747,-6.664227000000036
A,37,GLU,-86.65131612440344,-84.66764566520246,1.9836704592009795,2.4996480164132646,-82.7550681408167,-6.395895999999993,2.5241443359468883,-80.70117800114933,-6.49061200000002
A,38,ASP,-86.65131612440344,-86.29628540712007,0.35503071728336977,2.4996480164132646,-82.7550681408167,-6.395895999999993,2.084032012701675,-81.29116741982172,-7.089150000000018
A,39,LEU,-86.65131612440344,-86.59564374252986,0.05567238187357759,2.4996480164132646,-82.7550681408167,-6.395895999999993,2.414642964583194,-82.61439070711306,-6.395895999999993
A,41,TYR,-86.65131612440344,-78.45526108088083,8.196055043522605,2.4996480164132646,-82.7550681408167,-6.395895999999993,2.4116078623894928,-76.38525494327034,-4.481613999999972
A,42,GLN,-86.65131612440344,-86.31049763715082,0.3408184872526192,2.4996480164132646,-82.7550681408167,-6.395895999999993,2.7680104553052174,-80.082689092456,-8.995819000000036
A,45,LEU,-86.65131612440344,-84.45105971564307,2.2002564087603673,2.4996480164132646,-82.7550681408167,-6.395895999999993,2.371264938341605,-80.95916965398469,-5.863154999999992
A,48,TRP,-86.65131612440344,-86.59624504500079,0.055071079402651435,2.4996480164132646,-82.7550681408167,-6.395895999999993,2.4193833123467923,-82.61973235734753,-6.395896000000043
A,49,ASN,-86.65131612440344,-86.60514163511914,0.04617448928429724,2.4996480164132646,-82.7550681408167,-6.395895999999993,2.4264021693208266,-82.63564780443993,-6.395896000000036
A,75,GLU,-86.65131612440344,-86.52277348066357,0.12854264373986268,2.4996480164132646,-82.7550681408167,-6.395895999999993,2.504371413509594,-82.63124889417314,-6.395896000000025
A,76,GLN,-86.65131612440344,-86.51043898175239,0.14087714265104978,2.4996480164132646,-82.7550681408167,-6.395895999999993,2.4430561857144126,-82.55759916746676,-6.3958960000000395
A,78,THR,-86.65131612440344,-86.63805896260412,0.013257161799316464,2.4996480164132646,-82.7550681408167,-6.395895999999993,2.4790867920853024,-82.72124975468942,-6.395895999999993
A,79,LEU,-86.65131612440344,-85.07720117174642,1.5741149526570126,2.4996480164132646,-82.7550681408167,-6.395895999999993,2.510242164650372,-81.66166433639681,-5.9257789999999915
A,80,ALA,-86.65131612440344,-86.67174530071748,-0.020429176314038955,2.4996480164132646,-82.7550681408167,-6.395895999999993,2.453846028405805,-82.72969532912329,-6.395895999999993
A,81,GLN,-86.65131612440344,-86.6761465402489,-0.02483041584545731,2.4996480164132646,-82.7550681408167,-6.395895999999993,2.4498551986755337,-82.7301057389244,-6.3958960000000324
A,82,MET,-86.65131612440344,-85.697871787576,0.953444336827431,2.4996480164132646,-82.7550681408167,-6.395895999999993,2.4782447584724374,-82.17128654604848,-6.00482999999997
A,83,TYR,-86.65131612440344,-81.710513933511,4.940802190892441,2.4996480164132646,-82.7550681408167,-6.395895999999993,2.6380347116144045,-78.39158264512541,-5.956965999999994
A,84,PRO,-86.65131612440344,-86.63717504620553,0.014141078197908996,2.4996480164132646,-82.7550681408167,-6.395895999999993,2.471581961652427,-82.71286100785797,-6.395895999999993
A,97,LEU,-86.65131612440344,-86.67956850236267,-0.028252377959233854,2.4996480164132646,-82.7550681408167,-6.395895999999993,2.4088839667242863,-82.69255646908697,-6.395895999999993
A,324,THR,-86.65131612440344,-86.34588781744229,0.3054283069611472,2.4996480164132646,-82.7550681408167,-6.395895999999993,2.5055385233085867,-82.46951434075088,-6.381912
A,325,GLN,-86.65131612440344,-86.47375329671598,0.1775628276874528,2.4996480164132646,-82.7550681408167,-6.395895999999993,2.476418120289758,-82.42407541700571,-6.5260960000000345
A,326,GLY,-86.65131612440344,,,,,,,,
A,327,PHE,-86.65131612440344,-86.66541006040188,-0.014093935998445772,2.4996480164132646,-82.7550681408167,-6.395895999999993,2.434329476835058,-82.70384353723695,-6.395895999999993
A,329,GLU,-86.65131612440344,-86.28444232714965,0.3668737972537883,2.4996480164132646,-82.7550681408167,-6.395895999999993,2.5913054500972046,-82.47985177724685,-6.395896000000008
A,330,ASN,-86.65131612440344,-87.41359557398181,-0.7622794495783722,2.4996480164132646,-82.7550681408167,-6.395895999999993,2.3494716108078397,-80.88321518478962,-8.879852000000028
A,351,LEU,-86.65131612440344,-86.47569508160882,0.1756210427946172,2.4996480164132646,-82.7550681408167,-6.395895999999993,2.380629726144473,-82.4604288077533,-6.395895999999993
A,352,GLY,-86.65131612440344,,,,,,,,
A,353,LYS,-86.65131612440344,-83.09998181792733,3.5513343064761074,2.4996480164132646,-82.7550681408167,-6.395895999999993,2.596822277347315,-77.03793309527462,-8.658871000000019
A,354,GLY,-86.65131612440344,,,,,,,,
A,355,ASP,-86.65131612440344,-83.86149977375644,2.7898163506470013,2.4996480164132646,-82.7550681408167,-6.395895999999993,2.8254712732617455,-80.30632704701817,-6.380644000000004
A,356,PHE,-86.65131612440344,-86.41292459271082,0.2383915316926135,2.4996480164132646,-82.7550681408167,-6.395895999999993,2.4340204307863744,-82.4510490234972,-6.395895999999993
A,357,ARG,-86.65131612440344,-86.83335237389196,-0.18203624948851882,2.4996480164132646,-82.7550681408167,-6.395895999999993,2.367750356756915,-81.23697873064883,-7.964124000000041
A,386,ALA,-86.65131612440344,-86.66012709084757,-0.008810966444130486,2.4996480164132646,-82.7550681408167,-6.395895999999993,2.4421260820423565,-82.70635717288992,-6.395895999999993
A,387,ALA,-86.65131612440344,-86.69093630378403,-0.03962017938059148,2.4996480164132646,-82.7550681408167,-6.395895999999993,2.4240776125716708,-82.7191179163557,-6.395895999999993
A,388,GLN,-86.65131612440344,-86.69075981331612,-0.03944368891268368,2.4996480164132646,-82.7550681408167,-6.395895999999993,2.4395038699623,-82.73436768327839,-6.395896000000022
A,390,PHE,-86.65131612440344,-86.6090089984101,0.042307125993332306,2.4996480164132646,-82.7550681408167,-6.395895999999993,2.4413258424225197,-82.65443884083261,-6.3958960000000005
A,393,ARG,-86.65131612440344,-87.41921254214574,-0.7678964177423069,2.4996480164132646,-82.7550681408167,-6.395895999999993,2.3948900631507666,-82.05135460529648,-7.762748000000023
E,403,ARG,-86.65131612440344,-85.24195911790795,1.4093570064954832,2.4996480164132646,-82.7550681408167,-6.395895999999993,3.208499344661545,-81.8616184625695,-6.588840000000008
E,405,ASP,-86.65131612440344,-86.65134197855251,-2.585414907230188e-05,2.4996480164132646,-82.7550681408167,-6.395895999999993,2.314354138986261,-82.56980011753876,-6.395896000000002
E,406,GLU,-86.65131612440344,-86.87567040216629,-0.2243542777628562,2.4996480164132646,-82.7550681408167,-6.395895999999993,2.1600200706934314,-82.63979447285972,-6.395896000000015
E,417,LYS,-86.65131612440344,-87.28576869396014,-0.6344525695567,2.4996480164132646,-82.7550681408167,-6.395895999999993,1.3705430477775797,-81.32628474173771,-7.330026999999998
E,421,TYR,-86.65131612440344,-86.29866656235684,0.3526495620465937,2.4996480164132646,-82.7550681408167,-6.395895999999993,2.6373544027097284,-82.54012496506657,-6.395896000000004
E,439,ASN,-86.65131612440344,-86.37333409445031,0.2779820299531224,2.4996480164132646,-82.7550681408167,-6.395895999999993,2.63861845155764,-82.61605654600794,-6.395896000000004
E,444,LYS,-86.65131612440344,-85.81567325409912,0.8356428703043122,2.4996480164132646,-82.7550681408167,-6.395895999999993,3.2740823410988447,-82.69385959519798,-6.395895999999993
E,445,VAL,-86.65131612440344,-86.17864254481664,0.4726735795867967,2.4996480164132646,-82.7550681408167,-6.395895999999993,2.5124336409372865,-82.42876918575394,-6.262306999999991
E,446,GLY,-86.65131612440344,,,,,,,,
E,447,GLY,-86.65131612440344,,,,,,,,
E,448,ASN,-86.65131612440344,-86.39732063454602,0.2539954898574166,2.4996480164132646,-82.7550681408167,-6.395895999999993,2.716294917740267,-82.71771955228628,-6.395896000000004
E,449,TYR,-86.65131612440344,-85.54051229832035,1.1108038260830853,2.4996480164132646,-82.7550681408167,-6.395895999999993,2.2520641185386006,-81.78289541685896,-6.0096809999999845
E,453,TYR,-86.65131612440344,-91.98003414396354,-5.3287180195601,2.4996480164132646,-82.7550681408167,-6.395895999999993,2.719791531686973,-87.87018667565052,-6.829639000000007
E,455,LEU,-86.65131612440344,-80.54073236979514,6.1105837546082995,2.4996480164132646,-82.7550681408167,-6.395895999999993,2.6871986059915156,-77.60983797578666,-5.618092999999988
E,456,PHE,-86.65131612440344,-78.09376574805998,8.557550376343457,2.4996480164132646,-82.7550681408167,-6.395895999999993,2.598317439289597,-79.30683818734958,-1.3852449999999963
E,457,ARG,-86.65131612440344,-86.29901573710482,0.35230038729861235,2.4996480164132646,-82.7550681408167,-6.395895999999993,2.819383949375203,-82.72250368648002,-6.395896000000013
E,473,TYR,-86.65131612440344,-84.75912280502709,1.8921933193763465,2.4996480164132646,-82.7550681408167,-6.395895999999993,2.6805747427015407,-81.72589654772864,-5.713800999999993
E,474,GLN,-86.65131612440344,-86.33147960068285,0.319836523720582,2.4996480164132646,-82.7550681408167,-6.395895999999993,2.7183832658035114,-82.65396686648636,-6.395896000000013
E,475,ALA,-86.65131612440344,-85.56962572344642,1.0816904009570152,2.4996480164132646,-82.7550681408167,-6.395895999999993,2.9419447602598523,-82.11567448370629,-6.395895999999993
E,476,GLY,-86.65131612440344,,,,,,,,
E,477,SER,-86.65131612440344,-86.386446088177,0.2648700362264407,2.4996480164132646,-82.7550681408167,-6.395895999999993,2.628755100773359,-82.61930518895034,-6.3958960000000165
E,478,THR,-86.65131612440344,-86.51477378571573,0.13654233868770405,2.4996480164132646,-82.7550681408167,-6.395895999999993,2.5618357884654874,-82.68071357418123,-6.3958960000000005
E,484,GLU,-86.65131612440344,-87.38689601272588,-0.735579888322448,2.4996480164132646,-82.7550681408167,-6.395895999999993,1.6189018814490113,-82.17695589417488,-6.828842000000002
E,485,GLY,-86.65131612440344,,,,,,,,
E,486,PHE,-86.65131612440344,-71.13106223720166,15.520253887201775,2.4996480164132646,-82.7550681408167,-6.395895999999993,2.5713788369602857,-76.86986107416196,3.167420000000009
E,487,ASN,-86.65131612440344,-88.8547185127804,-2.203402388376958,2.4996480164132646,-82.7550681408167,-6.395895999999993,2.4410830814386926,-81.98914159421908,-9.306660000000003
E,488,CYX,-86.65131612440344,-86.35700855664508,0.2943075677583522,2.4996480164132646,-82.7550681408167,-6.395895999999993,2.717304878547313,-82.6784174351924,-6.395895999999997
E,489,TYR,-86.65131612440344,-74.30625632506398,12.345059799339452,2.4996480164132646,-82.7550681408167,-6.395895999999993,2.9156329815461697,-74.58813730661016,-2.633751999999982
E,490,PHE,-86.65131612440344,-86.10341776013487,0.547898364268562,2.4996480164132646,-82.7550681408167,-6.395895999999993,2.8810434374596503,-82.58856519759455,-6.395895999999981
E,491,PRO,-86.65131612440344,-86.48339811938345,0.16791800501998466,2.4996480164132646,-82.7550681408167,-6.395895999999993,2.6078935583006024,-82.69539567768406,-6.395895999999992
E,492,LEU,-86.65131612440344,-86.28508381487332,0.366232309530119,2.4996480164132646,-82.7550681408167,-6.395895999999993,2.8205979938729357,-82.70978580874626,-6.395895999999993
E,493,GLN,-86.65131612440344,-84.36014813496183,2.291167989441604,2.4996480164132646,-82.7550681408167,-6.395895999999993,2.7840967312487,-79.74220586621053,-7.402039000000004
E,494,SER,-86.65131612440344,-86.45258826272695,0.19872786167648826,2.4996480164132646,-82.7550681408167,-6.395895999999993,2.602129036613976,-82.65882129934093,-6.395895999999993
E,495,TYR,-86.65131612440344,-86.03255788035074,0.6187582440526995,2.4996480164132646,-82.7550681408167,-6.395895999999993,2.8081907329704827,-82.44485261332123,-6.39589599999999
E,496,GLY,-86.65131612440344,,,,,,,,
E,497,PHE,-86.65131612440344,-86.01766063699974,0.6336554874037006,2.4996480164132646,-82.7550681408167,-6.395895999999993,2.841447783173168,-82.46321242017291,-6.395895999999993
E,498,GLN,-86.65131612440344,-82.90920481154873,3.7421113128547034,2.4996480164132646,-82.7550681408167,-6.395895999999993,3.3661853567181708,-77.43471316826692,-8.84067699999999
E,499,PRO,-86.65131612440344,-86.28215817901294,0.36915794539049784,2.4996480164132646,-82.7550681408167,-6.395895999999993,2.630052647272812,-82.51631482628575,-6.395895999999992
E,500,THR,-86.65131612440344,-83.7899667749966,2.8613493494068365,2.4996480164132646,-82.7550681408167,-6.395895999999993,2.7968222081898317,-80.20270598318645,-6.3840829999999915
E,501,ASN,-86.65131612440344,-83.00864309935584,3.6426730250476,2.4996480164132646,-82.7550681408167,-6.395895999999993,2.736101165526702,-78.53443026488254,-7.210313999999995
E,502,GLY,-86.65131612440344,,,,,,,,
E,503,VAL,-86.65131612440344,-86.03064593088654,0.6206701935169008,2.4996480164132646,-82.7550681408167,-6.395895999999993,2.5680308945328334,-82.35460982541939,-6.244066999999992
E,504,GLY,-86.65131612440344,,,,,,,,
E,505,TYR,-86.65131612440344,-72.61321606055985,14.038100063843586,2.4996480164132646,-82.7550681408167,-6.395895999999993,2.8037211313127437,-74.9441651918726,-0.4727719999999884
E,506,GLN,-86.65131612440344,-85.95275549498206,0.6985606294213795,2.4996480164132646,-82.7550681408167,-6.395895999999993,2.76351601125752,-82.32037550623959,-6.395895999999997
